,slug,title,description,details,imgUrl,price,discount,mrp,isMember,isAuthDealer,isFeaturedMember,membershipLevel,shopName,isDoorstepDelivery,isDeliveryFree,isTopAd,isUrgentAd,timeStamp,isVerified,isJobAd,location,adType,isLocalJob,category.id,category.name
0,mercedes-benz-cla-180-amg-premium-plus-2016-for-sale-colombo,Mercedes Benz CLA 180 AMG Premium Plus 2016,"Colombo, Cars","27,000 km",https://i.ikman-st.com/mercedes-benz-cla-180-amg-premium-plus-2016-for-sale-colombo/f166b6b1-c425-4d4f-b719-8482f93809dc/142/107/cropped.jpg,"Rs 17,050,000",0,0,False,False,False,free,,False,False,False,False,bump_up,False,False,Colombo,for_sale,False,392,Cars
1,toyota-chr-ngx10-gt-2019-for-sale-galle-2,Toyota CHR NGX10 GT 2019,"Galle, Cars","8,100 km",https://i.ikman-st.com/toyota-chr-ngx10-gt-2019-for-sale-galle-2/760c16b5-9186-4927-bb26-056db1fb7c5c/142/107/cropped.jpg,"Rs 15,500,000",0,0,False,False,False,free,,False,False,False,False,bump_up,False,False,Galle,for_sale,False,392,Cars
2,suzuki-wagon-r-stingray-2014-for-sale-gampaha-1028,Suzuki Wagon R Stingray 2014,"Gampaha, Cars","68,000 km",https://i.ikman-st.com/suzuki-wagon-r-stingray-2014-for-sale-gampaha-1028/4c8f3796-3627-4100-a889-76a7e62908e4/142/107/cropped.jpg,"Rs 4,875,000",0,0,True,False,False,premium,Visalma Punchi Car Nivasa,False,False,False,False,1 hour,True,False,Gampaha,for_sale,False,392,Cars
3,daihatsu-terios-2012-for-sale-gampaha-10,Daihatsu Terios 2012,"Gampaha, Cars","88,000 km",https://i.ikman-st.com/daihatsu-terios-2012-for-sale-gampaha-10/86c4fac7-4f25-47f4-92bd-9b7627ddbf85/142/107/cropped.jpg,"Rs 6,275,000",0,0,True,False,False,premium,Visalma Punchi Car Nivasa,False,False,False,False,1 hour,True,False,Gampaha,for_sale,False,392,Cars
4,suzuki-wagon-r-stingray-2018-for-sale-colombo-2596,Suzuki Wagon R Stingray 2018,"Colombo, Cars","13,000 km",https://i.ikman-st.com/suzuki-wagon-r-stingray-2018-for-sale-colombo-2596/ad76be14-8ad3-48fc-bb19-0f32d4d72f1b/142/107/cropped.jpg,"Rs 5,980,000",0,0,False,False,False,free,,False,False,False,False,2 hours,False,False,Colombo,for_sale,False,392,Cars
5,datsun-redi-go-manual-2017-for-sale-colombo,Datsun Redi Go Manual 2017,"Colombo, Cars","78,000 km",https://i.ikman-st.com/datsun-redi-go-manual-2017-for-sale-colombo/c13c0c0e-b2da-45c2-af9c-c4d8dcf00d66/142/107/cropped.jpg,"Rs 2,500,000",0,0,False,False,False,free,,False,False,False,False,2 hours,False,False,Colombo,for_sale,False,392,Cars
6,mitsubishi-mirage-push-start-2015-for-sale-kandy,Mitsubishi Mirage PUSH START 2015,"Kandy, Cars","30,000 km",https://i.ikman-st.com/mitsubishi-mirage-push-start-2015-for-sale-kandy/46271d0d-a817-4dc4-a0d6-6554eae7398f/142/107/cropped.jpg,"Rs 5,875,000",0,0,False,False,False,free,,False,False,False,False,bump_up,False,False,Kandy,for_sale,False,392,Cars
7,nissan-tiida-2008-for-sale-gampaha-58,Nissan Tiida 2008,"Gampaha, Cars","143,000 km",https://i.ikman-st.com/nissan-tiida-2008-for-sale-gampaha-58/dc664fb8-d220-4f5b-8578-207f539e3dd9/142/107/cropped.jpg,"Rs 4,350,000",0,0,False,False,False,free,,False,False,False,False,bump_up,False,False,Gampaha,for_sale,False,392,Cars
8,suzuki-alto-sport-2015-for-sale-colombo-272,Suzuki Alto Sport 2015,"Colombo, Cars","44,930 km",https://i.ikman-st.com/suzuki-alto-sport-2015-for-sale-colombo-272/894dd650-3325-48dd-a813-ac6de2e3137f/142/107/cropped.jpg,"Rs 2,725,000",0,0,True,False,False,plus,New City Communication ,False,False,False,False,3 hours,True,False,Colombo,for_sale,False,392,Cars
9,micro-panda-geely-1cl-auto-2018-for-sale-kandy-1,Micro Panda Geely 1cl Auto 2018,"Kandy, Cars","4,000 km",https://i.ikman-st.com/micro-panda-geely-1cl-auto-2018-for-sale-kandy-1/c01770d0-2b55-4c4c-9717-3e3d42315f8a/142/107/cropped.jpg,"Rs 3,450,000",0,0,False,False,False,free,,False,False,False,False,bump_up,False,False,Kandy,for_sale,False,392,Cars
10,audi-a4-s-line-2012-for-sale-colombo,Audi A4 S-Line 2012,"Colombo, Cars","49,000 km",https://i.ikman-st.com/audi-a4-s-line-2012-for-sale-colombo/828ad551-c189-495b-8767-3e1b02f8ee96/142/107/cropped.jpg,"Rs 11,950,000",0,0,True,False,False,premium,Finest Motor Trading Pvt Ltd,False,False,False,False,3 hours,True,False,Colombo,for_sale,False,392,Cars
11,audi-a4-14-tfsi-2016-for-sale-colombo-8,Audi A4 1.4 TFSI 2016,"Colombo, Cars","75,000 km",https://i.ikman-st.com/audi-a4-14-tfsi-2016-for-sale-colombo-8/a3917755-ad38-477e-b7a8-336c370b8b0b/142/107/cropped.jpg,"Rs 16,700,000",0,0,True,False,False,premium,Elegant Autos (Pvt) Ltd,False,False,False,False,3 hours,True,False,Colombo,for_sale,False,392,Cars
12,mercedes-benz-s300-comfort-plus-2016-for-sale-colombo,Mercedes Benz S300 Comfort Plus 2016,"Colombo, Cars","15,000 km",https://i.ikman-st.com/mercedes-benz-s300-comfort-plus-2016-for-sale-colombo/72288b35-5361-4ac0-a5f7-cc322cd43470/142/107/cropped.jpg,"Rs 65,000,000",0,0,True,False,False,premium,Finest Motor Trading Pvt Ltd,False,False,False,False,3 hours,True,False,Colombo,for_sale,False,392,Cars
13,toyota-harrier-e-four-2008-for-sale-colombo-5,Toyota Harrier E Four 2008,"Colombo, Cars","142,000 km",https://i.ikman-st.com/toyota-harrier-e-four-2008-for-sale-colombo-5/0f51f4fa-1aff-4118-840d-b8028893152f/142/107/cropped.jpg,"Rs 8,950,000",0,0,False,False,False,free,,False,False,False,True,bump_up,False,False,Colombo,for_sale,False,392,Cars
14,toyota-vitz-1300-highest-grade-2009-for-sale-colombo,Toyota Vitz 1300 Highest Grade 2009,"Colombo, Cars","94,000 km",https://i.ikman-st.com/toyota-vitz-1300-highest-grade-2009-for-sale-colombo/722be79e-75ba-4c51-b6b7-c08fd5e77a46/142/107/cropped.jpg,"Rs 4,950,000",0,0,False,False,False,free,,False,False,False,False,bump_up,False,False,Colombo,for_sale,False,392,Cars
15,mercedes-benz-c220-amg-diesel-2013-for-sale-colombo-4,Mercedes Benz C220 AMG DIESEL 2013,"Colombo, Cars","101,000 km",https://i.ikman-st.com/mercedes-benz-c220-amg-diesel-2013-for-sale-colombo-4/7113f8be-2567-439e-82c9-904bde5ec940/142/107/cropped.jpg,"Rs 13,500,000",0,0,True,False,False,premium,Elegant Autos (Pvt) Ltd,False,False,False,False,3 hours,True,False,Colombo,for_sale,False,392,Cars
16,mitsubishi-lancer-wagon-1998-for-sale-gampaha,Mitsubishi Lancer Wagon 1998,"Gampaha, Cars","100,000 km",https://i.ikman-st.com/mitsubishi-lancer-wagon-1998-for-sale-gampaha/52758a95-a3df-42f5-bc85-4666972df59e/142/107/cropped.jpg,"Rs 985,000",0,0,False,False,False,free,,False,False,False,False,3 hours,False,False,Gampaha,for_sale,False,392,Cars
17,suzuki-swift-2007-for-sale-colombo-946,Suzuki Swift 2007,"Colombo, Cars","88,107 km",https://i.ikman-st.com/suzuki-swift-2007-for-sale-colombo-946/f6c741ca-ec6f-4e4f-86c6-77419c4a3dce/142/107/cropped.jpg,"Rs 4,890,000",0,0,True,False,False,premium,Nippon Auto Auction,False,False,False,False,3 hours,True,False,Colombo,for_sale,False,392,Cars
18,kia-rio-2000-for-sale-colombo-222,Kia Rio 2000,"Colombo, Cars","228,314 km",https://i.ikman-st.com/kia-rio-2000-for-sale-colombo-222/3c18aefe-b272-481b-b988-41ef9a5ea2f2/142/107/cropped.jpg,"Rs 1,890,000",0,0,True,False,False,premium,Nippon Auto Auction,False,False,False,False,3 hours,True,False,Colombo,for_sale,False,392,Cars
19,toyota-premio-2019-for-sale-kalutara-2,Toyota Premio 2019,"Kalutara, Cars","6,500 km",https://i.ikman-st.com/toyota-premio-2019-for-sale-kalutara-2/f1b757c8-5fc4-4082-a3f6-5e818a96a3f6/142/107/cropped.jpg,"Rs 16,250,000",0,0,False,False,False,free,,False,False,False,False,bump_up,False,False,Kalutara,for_sale,False,392,Cars
20,kia-sportage-lx-2wd-2011-for-sale-colombo-1,Kia Sportage LX 2WD 2011,"Colombo, Cars","79,800 km",https://i.ikman-st.com/kia-sportage-lx-2wd-2011-for-sale-colombo-1/1bc0b9c1-6726-4c1b-bea0-d1a5b74b2c09/142/107/cropped.jpg,"Rs 6,675,000",0,0,True,False,False,premium,Car Solutions,False,False,False,False,bump_up,False,False,Colombo,for_sale,False,392,Cars
21,toyota-corolla-elephant-back-ce108-1997-for-sale-gampaha,Toyota Corolla Elephant Back CE108 1997,"Gampaha, Cars","269,000 km",https://i.ikman-st.com/toyota-corolla-elephant-back-ce108-1997-for-sale-gampaha/69809982-63d9-4494-832a-749bdb20ae54/142/107/cropped.jpg,"Rs 2,475,000",0,0,True,False,False,premium,ONE 2 ONE CAR SALE,False,False,False,False,4 hours,True,False,Gampaha,for_sale,False,392,Cars
22,toyota-premio-sedan-2017-for-sale-kandy,Toyota Premio sedan 2017,"Kandy, Cars","54,500 km",https://i.ikman-st.com/toyota-premio-sedan-2017-for-sale-kandy/e9af743a-fddb-47bb-ac56-412b685d11f0/142/107/cropped.jpg,"Rs 15,800,000",0,0,False,False,False,free,,False,False,False,False,bump_up,False,False,Kandy,for_sale,False,392,Cars
23,toyota-land-cruiser-prado-vx-2006-for-sale-puttalam-1,Toyota Land Cruiser Prado VX 2006,"Puttalam, Cars","108,000 km",https://i.ikman-st.com/toyota-land-cruiser-prado-vx-2006-for-sale-puttalam-1/8716b18d-6a79-4ce3-9deb-6b76f39b9300/142/107/cropped.jpg,"Rs 22,000,000",0,0,False,False,False,free,,False,False,False,False,bump_up,False,False,Puttalam,for_sale,False,392,Cars
24,mitsubishi-montero-2000-for-sale-colombo-378,Mitsubishi Montero 2000,"Colombo, Cars","128,000 km",https://i.ikman-st.com/mitsubishi-montero-2000-for-sale-colombo-378/2069e93c-99be-484a-819e-6dec5c502981/142/107/cropped.jpg,"Rs 8,650,000",0,0,True,False,False,premium,CS Auto Mart,False,False,False,False,bump_up,True,False,Colombo,for_sale,False,392,Cars
0,suzuki-swift-2011-for-sale-kalutara-2,Suzuki Swift 2011,"Kalutara, Cars","48,000 km",https://i.ikman-st.com/suzuki-swift-2011-for-sale-kalutara-2/add9b474-77db-4277-b866-d22795153cc1/142/107/cropped.jpg,"Rs 3,500,000",0,0,False,False,False,free,,False,False,False,False,bump_up,False,False,Kalutara,for_sale,False,392,Cars
1,toyota-tank-2017-for-sale-gampaha-100,Toyota Tank 2017,"Gampaha, Cars","21,500 km",https://i.ikman-st.com/toyota-tank-2017-for-sale-gampaha-100/aeadcb1a-d740-41b4-a9e4-498952179267/142/107/cropped.jpg,"Rs 7,500,000",0,0,False,False,False,free,,False,False,False,False,bump_up,False,False,Gampaha,for_sale,False,392,Cars
2,toyota-prius-s-grade-2013-for-sale-colombo-421,Toyota Prius S grade 2013,"Colombo, Cars","102,500 km",https://i.ikman-st.com/toyota-prius-s-grade-2013-for-sale-colombo-421/1f545458-d4a4-42c1-996b-6085c12fdfc8/142/107/cropped.jpg,"Rs 7,250,000",0,0,True,False,False,premium,Hiruki Auto Mart,False,False,False,False,4 hours,True,False,Colombo,for_sale,False,392,Cars
3,mercedes-benz-c180-amg-cabriolet-2018-for-sale-gampaha,Mercedes Benz C180 AMG Cabriolet 2018,"Gampaha, Cars","24,300 km",https://i.ikman-st.com/mercedes-benz-c180-amg-cabriolet-2018-for-sale-gampaha/75d0def8-cb2b-496d-872f-aadecb7e477d/142/107/cropped.jpg,"Rs 27,250,000",0,0,True,False,False,plus,U.S.A. Auto Mart,False,False,False,False,bump_up,True,False,Gampaha,for_sale,False,392,Cars
4,toyota-chr-ngx50-gt-turbo-2017-for-sale-matara,Toyota CHR NGX50 GT Turbo 2017,"Matara, Cars","31,500 km",https://i.ikman-st.com/toyota-chr-ngx50-gt-turbo-2017-for-sale-matara/8ab123d7-367a-42d2-b83f-2167444a5891/142/107/cropped.jpg,"Rs 12,975,000",0,0,False,False,False,free,,False,False,False,False,bump_up,False,False,Matara,for_sale,False,392,Cars
5,nissan-sunny-n16-full-option-2002-for-sale-kandy-1,Nissan Sunny N16 Full Option 2002,"Kandy, Cars","142,000 km",https://i.ikman-st.com/nissan-sunny-n16-full-option-2002-for-sale-kandy-1/64807092-5aaa-4c45-98de-7bfebba04187/142/107/cropped.jpg,"Rs 3,575,000",0,0,True,False,False,premium,Unlimit Ads,False,False,False,False,5 hours,True,False,Kandy,for_sale,False,392,Cars
6,honda-vezel-rs-sensing-2017-for-sale-gampaha-493,Honda Vezel RS Sensing 2017,"Gampaha, Cars","59,000 km",https://i.ikman-st.com/honda-vezel-rs-sensing-2017-for-sale-gampaha-493/78e30ef6-7d38-4006-a598-76fe9456455e/142/107/cropped.jpg,"Rs 9,990,000",0,0,True,False,False,premium,ONE 2 ONE CAR SALE,False,False,False,False,5 hours,True,False,Gampaha,for_sale,False,392,Cars
7,suzuki-alto-japan-2002-for-sale-gampaha-63,Suzuki Alto Japan 2002,"Gampaha, Cars","106,000 km",https://i.ikman-st.com/suzuki-alto-japan-2002-for-sale-gampaha-63/f99596d3-83d6-4663-b33f-e16bfa48a8e5/142/107/cropped.jpg,"Rs 2,695,000",0,0,,,,free,Sell Fast | කඳාන | MCI Ikman දැන්වීම්,False,False,False,False,bump_up,False,False,Gampaha,for_sale,False,392,Cars
8,toyota-corolla-2003-for-sale-gampaha-8,Toyota Corolla 2003,"Gampaha, Cars","150,000 km",https://i.ikman-st.com/toyota-corolla-2003-for-sale-gampaha-8/81ccdea8-dc1b-45bf-9edd-37da4a116897/142/107/cropped.jpg,"Rs 4,650,000",0,0,False,False,False,free,,False,False,False,False,bump_up,False,False,Gampaha,for_sale,False,392,Cars
9,honda-vezel-2014-for-sale-gampaha-2013,Honda Vezel 2014,"Gampaha, Cars","96,000 km",https://i.ikman-st.com/honda-vezel-2014-for-sale-gampaha-2013/91380217-b6ab-41eb-9d05-1cc4c87e19ea/142/107/cropped.jpg,"Rs 7,000,000",0,0,False,False,False,free,,False,False,False,False,bump_up,False,False,Gampaha,for_sale,False,392,Cars
10,toyota-allion-260-2007-for-sale-galle-85,Toyota Allion 260 2007,"Galle, Cars","121,000 km",https://i.ikman-st.com/toyota-allion-260-2007-for-sale-galle-85/ea25cc03-5032-4cb8-98c3-493bc44c975f/142/107/cropped.jpg,"Rs 7,300,000",0,0,,,,free,Sell Fast | Tangalle | ICT Zone,False,False,False,False,bump_up,False,False,Galle,for_sale,False,392,Cars
11,nissan-march-ak-13-2015-for-sale-colombo,Nissan March AK 13 2015,"Colombo, Cars","20,000 km",https://i.ikman-st.com/nissan-march-ak-13-2015-for-sale-colombo/870c0a24-4716-4684-8031-a92ffd2402b4/142/107/cropped.jpg,"Rs 4,750,000",0,0,False,False,False,free,,False,False,False,False,bump_up,False,False,Colombo,for_sale,False,392,Cars
12,mitsubishi-montero-2001-for-sale-colombo-358,Mitsubishi Montero 2001,"Colombo, Cars","82,000 km",https://i.ikman-st.com/mitsubishi-montero-2001-for-sale-colombo-358/28e96573-a91d-4f6a-849f-9f2f022662ca/142/107/cropped.jpg,"Rs 8,900,000",0,0,False,False,False,free,,False,False,False,False,5 hours,False,False,Colombo,for_sale,False,392,Cars
13,micro-mx-7-mark-11-2015-for-sale-colombo,Micro MX 7 MARK 11 2015,"Colombo, Cars","58,000 km",https://i.ikman-st.com/micro-mx-7-mark-11-2015-for-sale-colombo/7c78ecb7-f300-4c06-9b87-b2d094c12065/142/107/cropped.jpg,"Rs 3,400,000",0,0,,,,free, ADSking දැන්වීම් ආයතනය,False,False,False,False,6 hours,False,False,Colombo,for_sale,False,392,Cars
14,toyota-aqua-2015-for-sale-colombo-1663,Toyota Aqua 2015,"Colombo, Cars","120,000 km",https://i.ikman-st.com/toyota-aqua-2015-for-sale-colombo-1663/570de84e-34b5-4f58-a753-63298308584b/142/107/cropped.jpg,"Rs 6,400,000",0,0,False,False,False,free,,False,False,False,False,6 hours,False,False,Colombo,for_sale,False,392,Cars
15,bmw-520d-2014-for-sale-kalutara,BMW 520d 2014,"Kalutara, Cars","98,000 km",https://i.ikman-st.com/bmw-520d-2014-for-sale-kalutara/650c70f3-e4c5-41ad-a2c6-428de5df39a8/142/107/cropped.jpg,"Rs 24,500,000",0,0,False,False,False,free,,False,False,False,False,6 hours,False,False,Kalutara,for_sale,False,392,Cars
16,honda-insight-ze-3-2012-for-sale-gampaha,Honda Insight ZE 3 2012,"Gampaha, Cars","123,000 km",https://i.ikman-st.com/honda-insight-ze-3-2012-for-sale-gampaha/6a5c349a-025b-438c-8f98-d951cc3e58e5/142/107/cropped.jpg,"Rs 5,650,000",0,0,False,False,False,free,,False,False,False,False,6 hours,False,False,Gampaha,for_sale,False,392,Cars
17,suzuki-wagon-r-2016-for-sale-gampaha-165,Suzuki Wagon R 2016,"Gampaha, Cars","71,000 km",https://i.ikman-st.com/suzuki-wagon-r-2016-for-sale-gampaha-165/5a28a268-7ede-4173-8c03-de1fe88ffead/142/107/cropped.jpg,"Rs 3,925,000",0,0,False,False,False,free,,False,False,False,False,bump_up,False,False,Gampaha,for_sale,False,392,Cars
18,suzuki-wagon-r-fz-2017-for-sale-colombo-1543,Suzuki Wagon R FZ 2017,"Colombo, Cars","51,000 km",https://i.ikman-st.com/suzuki-wagon-r-fz-2017-for-sale-colombo-1543/eef55482-d04d-4fe0-a48e-e1b9a1d9fa68/142/107/cropped.jpg,"Rs 4,750,000",0,0,False,False,False,free,,False,False,False,False,bump_up,False,False,Colombo,for_sale,False,392,Cars
19,suzuki-alto-2013-for-sale-colombo-453,Suzuki Alto 2013,"Colombo, Cars","78,000 km",https://i.ikman-st.com/suzuki-alto-2013-for-sale-colombo-453/a69d9310-eaaf-4b3f-9afe-7e86ca761b3e/142/107/cropped.jpg,"Rs 4,200,000",0,0,False,False,False,free,,False,False,False,False,bump_up,False,False,Colombo,for_sale,False,392,Cars
20,toyota-axio-non-hybird-2013-for-sale-colombo-1,Toyota Axio non hybird 2013,"Colombo, Cars","90,000 km",https://i.ikman-st.com/toyota-axio-non-hybird-2013-for-sale-colombo-1/64a29073-db69-4442-975b-3db8da6d7b08/142/107/cropped.jpg,"Rs 8,100,000",0,0,True,False,False,premium,Hiruki Auto Mart,False,False,False,False,6 hours,True,False,Colombo,for_sale,False,392,Cars
21,toyota-prius-s-touring-2014-for-sale-colombo-63,Toyota Prius S touring 2014,"Colombo, Cars","75,000 km",https://i.ikman-st.com/toyota-prius-s-touring-2014-for-sale-colombo-63/e0b2f6b1-2587-4ff1-b32c-a1b5be897bfa/142/107/cropped.jpg,"Rs 7,550,000",0,0,True,False,False,premium,Hiruki Auto Mart,False,False,False,False,6 hours,True,False,Colombo,for_sale,False,392,Cars
22,honda-fit-gp5-s-grade-2014-for-sale-kandy-26,Honda Fit GP5 S Grade 2014,"Kandy, Cars","92,500 km",https://i.ikman-st.com/honda-fit-gp5-s-grade-2014-for-sale-kandy-26/0108635d-c291-4050-af89-8528dcb4b3af/142/107/cropped.jpg,"Rs 7,100,000",0,0,False,False,False,free,,False,False,False,True,bump_up,False,False,Kandy,for_sale,False,392,Cars
23,toyota-vitz-2018-for-sale-colombo-870,Toyota Vitz 2018,"Colombo, Cars","58,000 km",https://i.ikman-st.com/toyota-vitz-2018-for-sale-colombo-870/590e65ea-5e87-4f42-a6f3-7d40f492eaea/142/107/cropped.jpg,"Rs 7,000,000",0,0,False,False,False,free,,False,False,False,True,bump_up,False,False,Colombo,for_sale,False,392,Cars
24,mitsubishi-j36-1976-for-sale-kalutara,Mitsubishi J36 1976,"Kalutara, Cars","220,000 km",https://i.ikman-st.com/mitsubishi-j36-1976-for-sale-kalutara/ea15c47c-3c48-41db-9acc-66ae05d05ad3/142/107/cropped.jpg,"Rs 2,650,000",0,0,,,,free,Sell Fast | Panadura | Sirini Holdings,False,False,False,False,bump_up,False,False,Kalutara,for_sale,False,392,Cars
0,toyota-premio-240-2004-for-sale-kandy-2,Toyota Premio 240 2004,"Kandy, Cars","142,800 km",https://i.ikman-st.com/toyota-premio-240-2004-for-sale-kandy-2/ad494bad-5831-4384-a7fd-b449b14e334f/142/107/cropped.jpg,"Rs 5,450,000",0,0,True,False,False,plus,Diamond Trading,False,False,False,True,bump_up,False,False,Kandy,for_sale,False,392,Cars
1,ssang-yong-korando-jeep-2015-for-sale-colombo-2,Ssang Yong Korando Jeep 2015,"Colombo, Cars","51,000 km",https://i.ikman-st.com/ssang-yong-korando-jeep-2015-for-sale-colombo-2/3e4afab8-5927-4a54-9038-cd214ed6b46e/142/107/cropped.jpg,"Rs 6,975,000",0,0,False,False,False,free,,False,False,False,False,bump_up,False,False,Colombo,for_sale,False,392,Cars
2,nissan-cefiro-a33-g-grade-2000-for-sale-colombo-1,Nissan Cefiro A33 G Grade 2000,"Colombo, Cars","112,000 km",https://i.ikman-st.com/nissan-cefiro-a33-g-grade-2000-for-sale-colombo-1/4683fba3-e5b4-4cdc-ba06-3962772bfd84/142/107/cropped.jpg,"Rs 2,875,000",0,0,True,False,False,premium,Riyolga Auto Mart,False,False,False,False,6 hours,False,False,Colombo,for_sale,False,392,Cars
3,toyota-belta-1300cc-2007-for-sale-ratnapura-2,Toyota Belta 1300cc 2007,"Ratnapura, Cars","112,000 km",https://i.ikman-st.com/toyota-belta-1300cc-2007-for-sale-ratnapura-2/c402fbed-48ff-476b-9c83-a5fa5b36c6c9/142/107/cropped.jpg,"Rs 5,590,000",0,0,True,False,False,plus,e-adz,False,False,False,False,7 hours,True,False,Ratnapura,for_sale,False,392,Cars
4,mercedes-benz-cla-200-amg-premium-plus-2020-for-sale-colombo-72,Mercedes Benz CLA 200 AMG Premium Plus 2020,"Colombo, Cars","12,800 km",https://i.ikman-st.com/mercedes-benz-cla-200-amg-premium-plus-2020-for-sale-colombo-72/49783511-75ec-44ec-bece-c0633fd32682/142/107/cropped.jpg,"Rs 25,800,000",0,0,False,False,False,free,,False,False,False,False,bump_up,False,False,Colombo,for_sale,False,392,Cars
5,suzuki-wagon-r-stingray-2018-for-sale-matale-11,Suzuki Wagon R Stingray 2018,"Matale, Cars","75,000 km",https://i.ikman-st.com/suzuki-wagon-r-stingray-2018-for-sale-matale-11/294b0403-fd89-4813-a0a1-39045c6aebf2/142/107/cropped.jpg,"Rs 5,500,000",0,0,False,False,False,free,,False,False,False,False,7 hours,False,False,Matale,for_sale,False,392,Cars
6,toyota-land-cruiser-sahara-cygnus-v8-lx470-2001-for-sale-colombo-2,Toyota Land Cruiser Sahara Cygnus V8 LX470 2001,"Colombo, Cars","163,000 km",https://i.ikman-st.com/toyota-land-cruiser-sahara-cygnus-v8-lx470-2001-for-sale-colombo-2/96fb369d-776c-44e7-8353-020e00da58af/142/107/cropped.jpg,"Rs 14,800,000",0,0,False,False,False,free,,False,False,False,False,bump_up,False,False,Colombo,for_sale,False,392,Cars
7,mercedes-benz-s400-2013-for-sale-colombo-6,Mercedes Benz S400 2013,"Colombo, Cars","43,700 km",https://i.ikman-st.com/mercedes-benz-s400-2013-for-sale-colombo-6/190a9a9d-07ed-4ac9-9e21-3fb575cf6a33/142/107/cropped.jpg,"Rs 43,500,000",0,0,True,False,False,premium,Volstar Motoring Automobile,False,False,False,False,bump_up,True,False,Colombo,for_sale,False,392,Cars
8,toyota-prius-s-limited-2013-for-sale-ratnapura,Toyota Prius S limited 2013,"Ratnapura, Cars","129,000 km",https://i.ikman-st.com/toyota-prius-s-limited-2013-for-sale-ratnapura/af1f3595-4f40-4006-8821-f1364e9cf2e9/142/107/cropped.jpg,"Rs 7,850,000",0,0,True,False,False,plus,e-adz,False,False,False,False,7 hours,True,False,Ratnapura,for_sale,False,392,Cars
9,honda-crv-2019-for-sale-colombo-127,Honda CRV 2019,"Colombo, Cars","31,000 km",https://i.ikman-st.com/honda-crv-2019-for-sale-colombo-127/bf7876af-f29b-43d1-805f-679ca11c9ac3/142/107/cropped.jpg,"Rs 20,500,000",0,0,False,False,False,free,,False,False,False,False,bump_up,False,False,Colombo,for_sale,False,392,Cars
10,hyundai-xg-30-2001-for-sale-colombo-1,Hyundai XG 30 2001,"Colombo, Cars","141,000 km",https://i.ikman-st.com/hyundai-xg-30-2001-for-sale-colombo-1/4958933c-5a42-470e-84bb-76f27c4ca128/142/107/cropped.jpg,"Rs 2,790,000",0,0,False,False,False,free,,False,False,False,False,bump_up,False,False,Colombo,for_sale,False,392,Cars
11,toyota-prius-3rd-gen-2012-for-sale-colombo-121,Toyota Prius 3rd Gen 2012,"Colombo, Cars","87,000 km",https://i.ikman-st.com/toyota-prius-3rd-gen-2012-for-sale-colombo-121/8e14d7a8-1e4c-40fa-b633-3d51a1380120/142/107/cropped.jpg,"Rs 5,950,000",0,0,False,False,False,free,,False,False,False,False,bump_up,False,False,Colombo,for_sale,False,392,Cars
12,mitsubishi-montero-sports-2011-for-sale-kalutara-5,Mitsubishi Montero sports 2011,"Kalutara, Cars","153,500 km",https://i.ikman-st.com/mitsubishi-montero-sports-2011-for-sale-kalutara-5/5f15bf50-7d69-4733-91fd-b0d976a95bb2/142/107/cropped.jpg,"Rs 10,375,000",0,0,True,False,False,premium,K-Auto Mart,False,False,False,False,7 hours,False,False,Kalutara,for_sale,False,392,Cars
13,tata-nano-xta-2017-for-sale-gampaha-1,Tata Nano XTA 2017,"Gampaha, Cars","48,000 km",https://i.ikman-st.com/tata-nano-xta-2017-for-sale-gampaha-1/c989c3eb-4eac-4acd-832d-0d45a18f1a1d/142/107/cropped.jpg,"Rs 2,000,000",0,0,False,False,False,free,,False,False,False,False,7 hours,False,False,Gampaha,for_sale,False,392,Cars
14,toyota-wigo-2017-for-sale-colombo-93,Toyota Wigo 2017,"Colombo, Cars","65,000 km",https://i.ikman-st.com/toyota-wigo-2017-for-sale-colombo-93/492dcc18-7150-4e41-89f4-4f5f4495f2a9/142/107/cropped.jpg,"Rs 5,200,000",0,0,False,False,False,free,,False,False,False,False,7 hours,False,False,Colombo,for_sale,False,392,Cars
15,bmw-740e-2018-for-sale-colombo-14,BMW 740e 2018,"Colombo, Cars","8,750 km",https://i.ikman-st.com/bmw-740e-2018-for-sale-colombo-14/a77bc5f1-9698-47fc-b5f9-4917c5db145a/142/107/cropped.jpg,"Rs 42,500,000",0,0,True,False,False,premium,Volstar Motoring Automobile,False,False,False,False,bump_up,True,False,Colombo,for_sale,False,392,Cars
16,toyota-prius-2011-2008-for-sale-colombo,Toyota Prius 2011 2008,"Colombo, Cars","63,500 km",https://i.ikman-st.com/toyota-prius-2011-2008-for-sale-colombo/2a18b99e-40e2-4770-b9c9-13842cb77a31/142/107/cropped.jpg,"Rs 4,975,000",0,0,False,False,False,free,,False,False,False,False,7 hours,False,False,Colombo,for_sale,False,392,Cars
17,bmw-730ld-3000cc-diesel-2017-for-sale-colombo,BMW 730Ld 3000CC DIESEL 2017,"Colombo, Cars","6,750 km",https://i.ikman-st.com/bmw-730ld-3000cc-diesel-2017-for-sale-colombo/97a6ce62-d4b4-4faf-9a16-d185161f7378/142/107/cropped.jpg,"Rs 57,500,000",0,0,True,False,False,premium,Volstar Motoring Automobile,False,False,False,False,bump_up,True,False,Colombo,for_sale,False,392,Cars
18,nissan-x-trail-mode-premium-2016-for-sale-colombo-23,Nissan X-Trail Mode Premium 2016,"Colombo, Cars","22,000 km",https://i.ikman-st.com/nissan-x-trail-mode-premium-2016-for-sale-colombo-23/bcc30134-5765-4bab-8e86-1074bec97346/142/107/cropped.jpg,"Rs 13,900,000",0,0,False,False,False,free,,False,False,False,False,7 hours,False,False,Colombo,for_sale,False,392,Cars
19,isuzu-bighorn-ubs69-1998-for-sale-matale-4,Isuzu Bighorn UBS69 1998,"Matale, Cars","255,000 km",https://i.ikman-st.com/isuzu-bighorn-ubs69-1998-for-sale-matale-4/1bb918ba-a8c0-41e9-a020-67fc045f3fd3/142/107/cropped.jpg,"Rs 9,000,000",0,0,True,False,False,premium,Speed ads,False,False,False,False,7 hours,False,False,Matale,for_sale,False,392,Cars
20,honda-vezel-ru3-2014-for-sale-kandy-3,Honda Vezel RU3 2014,"Kandy, Cars","100,000 km",https://i.ikman-st.com/honda-vezel-ru3-2014-for-sale-kandy-3/37e03eb2-0972-4332-8a8c-90b367332c36/142/107/cropped.jpg,"Rs 7,250,000",0,0,False,False,False,free,,False,False,False,False,bump_up,False,False,Kandy,for_sale,False,392,Cars
21,mitsubishi-montero-centre-spare-wheel-2013-for-sale-gampaha-10,Mitsubishi Montero centre spare Wheel 2013,"Gampaha, Cars","98,234 km",https://i.ikman-st.com/mitsubishi-montero-centre-spare-wheel-2013-for-sale-gampaha-10/1f992488-f702-4ef2-8236-19c136634bac/142/107/cropped.jpg,"Rs 19,500,000",0,0,True,False,False,premium,SEEDEVI MOTORS,False,False,False,False,bump_up,True,False,Gampaha,for_sale,False,392,Cars
22,suzuki-escudo-ke-7xx-f-o-auto-2005-for-sale-colombo,Suzuki Escudo KE-7xx F/O Auto 2005,"Colombo, Cars","106,562 km",https://i.ikman-st.com/suzuki-escudo-ke-7xx-f-o-auto-2005-for-sale-colombo/e81d79b7-46bd-410a-af77-be6ba55c31a8/142/107/cropped.jpg,"Rs 6,995,000",0,0,True,False,False,premium,Isuru Trading,False,False,False,False,7 hours,False,False,Colombo,for_sale,False,392,Cars
23,honda-fit-2015-for-sale-kandy,Honda Fit 2015,"Kandy, Cars","98,000 km",https://i.ikman-st.com/honda-fit-2015-for-sale-kandy/3f6e17f2-970d-4f64-b8a3-6ad153b32ddb/142/107/cropped.jpg,"Rs 5,950,000",0,0,False,False,False,free,,False,False,False,False,7 hours,False,False,Kandy,for_sale,False,392,Cars
24,perodua-viva-elite-amiezt-2013-for-sale-colombo-8,Perodua Viva Elite AMIEZT 2013,"Colombo, Cars","104,250 km",https://i.ikman-st.com/perodua-viva-elite-amiezt-2013-for-sale-colombo-8/b2c497cd-cb25-4fcb-90b1-75554a976e26/142/107/cropped.jpg,"Rs 3,500,000",0,0,False,False,False,free,,False,False,False,False,7 hours,False,False,Colombo,for_sale,False,392,Cars
0,nissan-march-2001-for-sale-gampaha-309,Nissan March 2001,"Gampaha, Cars","98,654 km",https://i.ikman-st.com/nissan-march-2001-for-sale-gampaha-309/0ca3b7ed-893e-412b-a8eb-e4995073316d/142/107/cropped.jpg,"Rs 2,690,000",0,0,True,False,False,premium,SEEDEVI MOTORS,False,False,False,False,bump_up,True,False,Gampaha,for_sale,False,392,Cars
1,toyota-vitz-vits-2017-for-sale-kandy,Toyota Vitz vits 2017,"Kandy, Cars","52,031 km",https://i.ikman-st.com/toyota-vitz-vits-2017-for-sale-kandy/02233173-9e45-4e4f-b1ed-17f94d9ccceb/142/107/cropped.jpg,"Rs 6,600,000",0,0,True,False,False,plus,Fara Trading ,False,False,False,False,7 hours,False,False,Kandy,for_sale,False,392,Cars
2,mazda-3-2014-for-sale-colombo-120,Mazda 3 2014,"Colombo, Cars","124,107 km",https://i.ikman-st.com/mazda-3-2014-for-sale-colombo-120/64655b83-85d9-4af2-9aa1-13fefba3f870/142/107/cropped.jpg,"Rs 9,000,000",0,0,False,False,False,free,,False,False,False,False,7 hours,False,False,Colombo,for_sale,False,392,Cars
3,suzuki-wagon-r-stingray-2017-for-sale-colombo-1200,Suzuki Wagon R Stingray 2017,"Colombo, Cars","62,316 km",https://i.ikman-st.com/suzuki-wagon-r-stingray-2017-for-sale-colombo-1200/5ad4340a-de91-49d0-b3a3-77cc16b36649/142/107/cropped.jpg,"Rs 5,395,000",0,0,True,False,False,premium,Isuru Trading,False,False,False,False,7 hours,False,False,Colombo,for_sale,False,392,Cars
4,toyota-chr-ngx50-2017-for-sale-galle-3,Toyota CHR NGX50 2017,"Galle, Cars","57,000 km",https://i.ikman-st.com/toyota-chr-ngx50-2017-for-sale-galle-3/eece2e1d-3457-4015-8107-5cbf297e9e83/142/107/cropped.jpg,"Rs 11,000,000",0,0,,,,free, ADSking දැන්වීම් ආයතනය,False,False,False,False,bump_up,False,False,Galle,for_sale,False,392,Cars
5,toyota-land-cruiser-prado-unregistered-2020-for-sale-colombo-2,Toyota Land Cruiser Prado Unregistered 2020,"Colombo, Cars",0 km,https://i.ikman-st.com/u/toyota-land-cruiser-prado-unregistered-2020-for-sale-colombo-2/5a5ffaa4-1ccb-42e4-a705-734d816ada59/142/107/cropped.jpg,"Rs 62,500,000",0,0,True,False,False,premium,Irahanda Trading,False,False,False,False,bump_up,True,False,Colombo,for_sale,False,392,Cars
6,mercedes-benz-e220-avangarde-2012-for-sale-colombo-1,Mercedes Benz E220 Avangarde 2012,"Colombo, Cars","54,000 km",https://i.ikman-st.com/mercedes-benz-e220-avangarde-2012-for-sale-colombo-1/c69adc25-b641-4257-ad6b-cde8271e16b5/142/107/cropped.jpg,"Rs 16,900,000",0,0,False,False,False,free,,False,False,False,False,7 hours,False,False,Colombo,for_sale,False,392,Cars
7,toyota-vitz-dba-ksp130-2015-for-sale-colombo-4,Toyota Vitz DBA-KSP130 2015,"Colombo, Cars","37,000 km",https://i.ikman-st.com/toyota-vitz-dba-ksp130-2015-for-sale-colombo-4/b3bbf894-b21b-47e8-aaf6-f393f9ecceb8/142/107/cropped.jpg,"Rs 7,000,000",0,0,False,False,False,free,,False,False,False,False,bump_up,False,False,Colombo,for_sale,False,392,Cars
8,suzuki-wagon-r-fx-2018-for-sale-kandy-51,Suzuki Wagon R FX 2018,"Kandy, Cars","29,850 km",https://i.ikman-st.com/suzuki-wagon-r-fx-2018-for-sale-kandy-51/c52037ee-694a-4172-a2c7-85bd325bab54/142/107/cropped.jpg,"Rs 4,850,000",0,0,False,False,False,free,,False,False,False,False,bump_up,False,False,Kandy,for_sale,False,392,Cars
9,toyota-premio-g-superior-2014-for-sale-colombo-663,Toyota Premio G superior 2014,"Colombo, Cars","41,000 km",https://i.ikman-st.com/toyota-premio-g-superior-2014-for-sale-colombo-663/24d563e7-fa9b-483f-978d-25d6f454f06a/142/107/cropped.jpg,"Rs 13,500,000",0,0,False,False,False,free,,False,False,False,False,8 hours,False,False,Colombo,for_sale,False,392,Cars
10,nissan-dayz-2017-for-sale-gampaha-142,Nissan Dayz 2017,"Gampaha, Cars","39,000 km",https://i.ikman-st.com/nissan-dayz-2017-for-sale-gampaha-142/a8bf6415-31ac-4ffb-a47a-b6ed7c0d6fc8/142/107/cropped.jpg,"Rs 4,890,000",0,0,True,False,False,premium,Sampath Dambadeniya,False,False,False,False,8 hours,False,False,Gampaha,for_sale,False,392,Cars
11,daihatsu-charade-green-1980-for-sale-colombo,Daihatsu Charade GREEN 1980,"Colombo, Cars","50,603 km",https://i.ikman-st.com/daihatsu-charade-green-1980-for-sale-colombo/0a3c433e-3a69-426d-8b04-88ed10c07529/142/107/cropped.jpg,"Rs 690,000",0,0,True,False,False,premium,Punchi Car Niwasa,False,False,False,False,8 hours,True,False,Colombo,for_sale,False,392,Cars
12,nissan-sunny-n16-2001-for-sale-gampaha-52,Nissan Sunny N16 2001,"Gampaha, Cars","106,524 km",https://i.ikman-st.com/nissan-sunny-n16-2001-for-sale-gampaha-52/87964299-c348-4da9-93b3-f20bdaf43e6f/142/107/cropped.jpg,"Rs 3,350,000",0,0,True,False,False,premium,SEEDEVI MOTORS,False,False,False,False,bump_up,True,False,Gampaha,for_sale,False,392,Cars
13,toyota-prius-2014-for-sale-gampaha-470,Toyota Prius 2014,"Gampaha, Cars","41,000 km",https://i.ikman-st.com/toyota-prius-2014-for-sale-gampaha-470/470d4448-ae49-40dd-8d49-33a561c1072c/142/107/cropped.jpg,"Rs 88,000,000",0,0,False,False,False,free,,False,False,False,False,8 hours,False,False,Gampaha,for_sale,False,392,Cars
14,nissan-cedric-1992-for-sale-colombo,Nissan cedric 1992,"Colombo, Cars","85,099 km",https://i.ikman-st.com/nissan-cedric-1992-for-sale-colombo/6726634b-4d66-4b03-ad11-594f983ebb2f/142/107/cropped.jpg,"Rs 4,600,000",0,0,False,False,False,free,Jayasinghe Enterprises,False,False,False,False,8 hours,True,False,Colombo,for_sale,False,392,Cars
15,mercedes-benz-e200-avantgarde-2010-for-sale-colombo,Mercedes Benz E200 Avantgarde 2010,"Colombo, Cars","117,500 km",https://i.ikman-st.com/mercedes-benz-e200-avantgarde-2010-for-sale-colombo/e56d4992-5c12-46fd-90bb-9079ed09fc1b/142/107/cropped.jpg,"Rs 13,800,000",0,0,True,False,False,plus,HSL Cars,False,False,False,False,8 hours,False,False,Colombo,for_sale,False,392,Cars
16,toyota-vitz-safety-edition-2-2018-for-sale-gampaha-127,Toyota Vitz Safety Edition 2 2018,"Gampaha, Cars","48,000 km",https://i.ikman-st.com/toyota-vitz-safety-edition-2-2018-for-sale-gampaha-127/c5a39905-e012-46b3-9611-185f41ffc917/142/107/cropped.jpg,"Rs 8,225,000",0,0,False,False,False,free,,False,False,False,False,bump_up,False,False,Gampaha,for_sale,False,392,Cars
17,toyota-land-cruiser-prado-2017-for-sale-colombo-267,Toyota Land Cruiser Prado 2017,"Colombo, Cars","49,000 km",https://i.ikman-st.com/toyota-land-cruiser-prado-2017-for-sale-colombo-267/4f8a229c-971b-41a3-af7c-b25e2a2c46da/142/107/cropped.jpg,"Rs 47,000,000",0,0,True,False,False,plus,Automac Motors,False,False,False,False,8 hours,False,False,Colombo,for_sale,False,392,Cars
18,mitsubishi-outlander-g-premium-sunroof-2014-for-sale-kandy,Mitsubishi Outlander G Premium Sunroof 2014,"Kandy, Cars","82,000 km",https://i.ikman-st.com/mitsubishi-outlander-g-premium-sunroof-2014-for-sale-kandy/90a60d73-a3a3-4bb5-8faa-be16805aba5d/142/107/cropped.jpg,"Rs 11,200,000",0,0,False,False,False,free,,False,False,False,False,bump_up,False,False,Kandy,for_sale,False,392,Cars
19,bmw-520d-3-option-drl-2013-for-sale-colombo,BMW 520d 3 Option DRL 2013,"Colombo, Cars","110,000 km",https://i.ikman-st.com/bmw-520d-3-option-drl-2013-for-sale-colombo/a607276b-ea35-417d-9bd6-714d58aaa7f5/142/107/cropped.jpg,"Rs 15,000,000",0,0,False,False,False,free,,False,False,False,False,8 hours,False,False,Colombo,for_sale,False,392,Cars
20,suzuki-vitara-escudo-2008-for-sale-matara-1,Suzuki Vitara Escudo 2008,"Matara, Cars","118,000 km",https://i.ikman-st.com/suzuki-vitara-escudo-2008-for-sale-matara-1/e295a828-898a-4214-9491-2fec9a8930b9/142/107/cropped.jpg,"Rs 6,700,000",0,0,False,False,False,free,,False,False,False,False,bump_up,False,False,Matara,for_sale,False,392,Cars
21,nissan-sunny-fb15-anniversary-2000-for-sale-kurunegala,Nissan Sunny FB15 Anniversary 2000,"Kurunegala, Cars","140,000 km",https://i.ikman-st.com/nissan-sunny-fb15-anniversary-2000-for-sale-kurunegala/b087fe1b-b7be-45ce-927c-bc8aab96bbd5/142/107/cropped.jpg,"Rs 3,575,000",0,0,,,,free,Sell Fast | Bowatta | Mindula Printers,False,False,False,False,bump_up,False,False,Kurunegala,for_sale,False,392,Cars
22,suzuki-spacia-turbo-2017-for-sale-colombo-19,Suzuki Spacia Turbo 2017,"Colombo, Cars","108,000 km",https://i.ikman-st.com/suzuki-spacia-turbo-2017-for-sale-colombo-19/4895b437-ce31-485d-b907-202ab6e424fd/142/107/cropped.jpg,"Rs 5,650,000",0,0,True,False,False,premium,N A M Lanka (Pvt) Ltd,False,False,False,False,8 hours,True,False,Colombo,for_sale,False,392,Cars
23,honda-crv-vti-l-seven-seater-2019-for-sale-colombo-2,Honda CRV VTI-L Seven Seater 2019,"Colombo, Cars","42,000 km",https://i.ikman-st.com/honda-crv-vti-l-seven-seater-2019-for-sale-colombo-2/ad87814a-89c6-431d-8771-c1373a6b7dfb/142/107/cropped.jpg,"Rs 22,500,000",0,0,True,False,False,premium,Gonapinuwala Trading Co (Pvt) Ltd,False,False,False,False,8 hours,False,False,Colombo,for_sale,False,392,Cars
24,chevrolet-cruze-hr51-s-auto-gm-2003-for-sale-gampaha-1,Chevrolet Cruze HR51 S-auto/GM 2003,"Gampaha, Cars","147,000 km",https://i.ikman-st.com/chevrolet-cruze-hr51-s-auto-gm-2003-for-sale-gampaha-1/9fe8dca6-8d61-4bd9-afd8-e94760775c57/142/107/cropped.jpg,"Rs 3,250,000",0,0,True,False,False,premium,S & D CARS NEGOMBO,False,False,False,False,8 hours,True,False,Gampaha,for_sale,False,392,Cars
